Username,Login Time,Logout Time
admin,2025-04-20 00:20:17,2025-04-20 00:20:26
vaishnavi,2025-04-20 00:45:44,2025-04-20 00:45:55
admin,2025-04-20 00:46:06,2025-04-20 00:46:35
admin,2025-04-24 14:27:43,2025-04-24 14:28:40
vaishnavi,2025-04-24 14:28:53,2025-04-24 14:29:06
admin,2025-04-24 14:42:53,2025-04-24 14:48:13
admin,2025-04-24 20:20:23,2025-04-24 20:21:09
ayushi,2025-04-24 20:23:43,2025-04-24 20:23:54
admin,2025-07-15 22:37:15,2025-07-15 22:46:56
admin,2025-11-06 16:48:28,2025-11-06 16:48:45
